シナーの名前,,,,,,
収容クラス,,,,,,
リスククラス,,,,,,
異常詳細,,,,,,
憎しみの堕星への配達は必ず日が昇っている間に完了するようにして下さい。,同情は破滅のトリガーとなります。哀は必ず配送してはいけません。,配送を先延ばしにする場合、３分以内毎に任意の神社への参拝を行う必要があります。,朝に配達を行う場合のみ、配達方法を徒歩に限定するようにして下さい。,蟷ｳ蟶ｸ譎ゅ↓隨ｬ?馴囈髮｢蛹ｺ逕ｻ縺ｫ蟄伜惠縺吶ｋ縲檎?髮ｲ逾樒､ｾ縲阪∈蜷代°縺｣縺ｦ縺ｯ縺?￠縺ｾ縺帙ｓ縲 ,,※条件が4個以下の場合、以降の条件に関しては記述しなくて構いません。
憎しみの堕星は特定状況下以外で実体を持たない概念的シナーです。夜間のみ実体化され、その見た目は直径5.4m程の紫色の球体です。表面上より波長が297nmのUV-B型紫外線を常時放出しています。常に地表より1.3m浮遊しており、移動を観測した記録はありません。,,,,,,
憎しみの堕星は、特定条件下（主に日没後）に実体化する概念的存在です。実体化時の外見は直径約5.4mの紫色の球体であり、常時波長297nmのUV-B型紫外線を表面より放射しています。放射量は周辺生態系に有意な影響を及ぼすが、球体周囲1.3m下の地表付近に固定された位置から移動する様子はこれまで記録されていません。憎しみの堕星は未知の過去事象に起因する感情的残滓を帯びており、その存在に対し同情または憐憫の感情を抱いた人間は、因果的崩壊現象を引き起こすことが判明しており、この現象は局所的な物質消失から、地球規模の文明崩壊まで幅広い影響を及ぼします。異常発生時には「時空カルマ値」が急激に上昇し、掌握時空間内において大小を問わない時間加速現象が発生します。これにより局地的な生物加齢、地質的変動、恒星活動異常が同時多発的に観測される。,,,,,,
"対象: 001（憎しみの堕星）インタビュアー: 第2級調査員（音声変換装置を使用）日時: 20██/██/██ 21:14注記: 音声変換装置により、紫外線放射の周波数変動を可聴域へ変換。変換信号を「発声」と見なし記録。[記録開始]調査員 ██: 聞こえますか？ あなたは何者ですか？001: ……ひと……？　……まだ、消えていない……？調査員 ██: あなたは憎んでいるのですか、それとも悲しんでいるのですか？001: ……わからない……どちらでも……もう……。（信号強度が急上昇、紫外線出力が20%増加）調査員 ██: 落ち着いてください。あなたを理解しようとしています。001: なら……かわいそうだと……言って……くれるの……？調査員 ██: ……（沈黙）001: ……あぁ……それで……全部……終わる……[記録終了]備考: インタビュー終了から6秒後、対象の時空カルマ値が急激に上昇し、実験は即時中止されました。

",,,,,,
"憎しみの堕星に関する最古の記録は██世紀の寺院文献「煌雲縁起録」に遡ります。
同文献には、かつて煌雲神社が「憎しみを抱いた天の残骸」を封じたと記されており、現在の収容プロトコルとの関連性が指摘されています。",,,,,,
"発生日時: 20██/██/██ 22:01
発生日時: 20██/██/██ 22:02
発生日時: 20██/██/██ 22:03

22:01:14 — 憎しみの堕星が急速に紫外線強度を増加（通常比+480%）。周囲半径5kmで植物の葉緑素分解が即時発生。

22:01:26 — 時空カルマ値が標準比+1.8×10⁶まで急上昇。付近の時計が約7秒進み、その後不規則に加速。

22:01:48 — 周辺建造物の材質劣化が観測され、鉄骨構造物が平均6年分相当の腐食状態に到達。

22:02:10 — 観測範囲内で成人男性1名が即時白髪化、同時に心拍数が異常低下。

22:02:29 — 空間座標の揺らぎが記録され、上空に未確認の星図パターンが3秒間だけ投影される。
星図は地球既知の天文座標と一致せず、「欠落した恒星群」と類似。

22:03:00 — 財団鎮静チームが煌雲神社で鎮謝式を開始。対象の紫外線出力が低下し、時空カルマ値が基準値へ収束。

備考: 本件以降、夜天網は参拝儀式の間隔を三時間ごとに短縮する運用改定を具申　ーー承認",,,,,,
"出典: ███国立図書館 特別コレクション・写本群（請求記号: KŌUN-ENKIR.01）
年代: 断簡の料紙・墨成分分析から室町末～江戸初期の混在と推定。完全な原本は未発見。
翻字（原文仮名遣い保存）:

「──彼の星、天より零れ落つ。憎を抱きて紫に灼け、地より一尺三寸を離れて留まる。
哀れむ勿れ、憐む勿れ。哀憐は鎖に非ず、刃なり。
もしこれを鎮むるには、六刻毎に社へ詣りて、塩一掬、清水三合を捧げ、鈴を二度振るべし。
すでに荒び暴るる時は、ただちに煌雲の社に詣で、罪我が身に在りと謙り、宵より暁まで悔いを唱ふべし。」

現代語訳（抄）:
星は天から零れ落ち、憎しみを宿して紫に灼え、地面から一尺三寸（約39cm）離れて止まる。哀れむな、憐れむな。哀憐は鎖ではなく刃である。
これを鎮めるには、三時間毎に社に参り、塩と清水を供え、鈴を二度鳴らす。すでに荒れたなら、直ちに煌雲神社へ赴き、罪は我にあるとへりくだり、夜通し悔いを唱えること。

編集注: 現在観測される浮遊高度は1.3mであり、縁起録の「一尺三寸」とは一致しない。
成立年代の計量誤差、口承劣化、もしくは対象の物性ドリフト（経時変化）の可能性がある。
なお紫外線に関する直接的記述はないが、「紫に灼け」の語句はUV放射の民間表現と解釈可能。

関連断簡:「欠けた星図」注記
縁起録の余白に、現代の観測で報告される「欠落した恒星群」に酷似する点描が鉛筆で追記されている。墨跡とは異世代の筆致。
傍注に「見てはならぬ順」とあり、星点に①～⑦の序数が振られている。
夜天網の逆順スキャンによって、暴走時の空間投影パターン（補遺 ████-3, 22:02:29）と部分一致を確認。",,,,,,
"手順コード: 001/礼式第七号「二声・二振・三献」
目的：憎しみの堕星の暴走閾値を「同情誘発カスプ」手前で安定化させる。

場清め: 参拝神社は国内任意（無人社・廃社は不可）。境内の周縁で時計回りに一周、踏査員は「憐憫ワード禁止」訓練を当日再確認。

供え: 純塩一掬、清水三合、白紙に封じた未印字の詫状（内容空白）を三点供儀台に置く。

作法: 二礼二拍手一礼に準ずるが、鈴は必ず二度のみ。三度以上の打振は時空カルマ値の微増を誘発（実験記録 J-09）。

詠唱: 祝詞は「謝意」と「責の引受」のみを述べ、対象への慰撫・哀憐表現を禁忌とする。
（例: 「かわいそう」「気の毒」「救われてほしい」等NG）

終結: 供儀物は回収しない。日没後30分以内に完了すること。

備考: 手順の核心は「祈りの方向づけ」を対象から自他の関係性へ迂回させる点にある。

倫理委員会は「善意ベースの共感が最短経路で破局へ通じる」ことを明記し、情動訓練S-13（感情ラベリング→距離化→責任文言化）を必須化した。",,,,,,
"天文██年頃: 煌雲神社草創の口碑。隕石由来の霊石を祀る伝承が併走（資料未確証）。

慶長～寛永期: 「堕星鎮謝」の語の初出（縁起録断簡）。

19██/██/██: 対象を初観測。夜間にのみ可視化、UV放射297nmを確定。

19██/██/██: 「哀憐誘発災（仮）」事案。周辺町域の時間加速で農作物の世代交代が一夜で四期分進行。

20██/██/██: 夜間監視網「夜天網」稼働。参拝プロトコル運用開始。

20██/██/██: 暴走事案ログ（補遺 ████-3）を受け、参拝間隔を三時間毎へ短縮。

20██/██/██: 煌雲神社にて「鎮謝式」改訂版を施行。悔過文の主語を一人称複数（我ら）に統一し効果増強を確認。",,,,,,
"件名: 001に関わる同情誘発ハザードの再定義
指定: 情動災害クラス W-悼（W-Requiem）

面会・観測チームは情動鈍化薬EC-βの投与か、もしくは反憐憫ミーム M-Λ/翳の事前上書きを必須とする。

「保護」「救済」「慰撫」を目的に含む研究提案は原則却下。これらの語彙・企図は、対象周辺の意味場を変調させ、同情の概念ベクトルを強化する。

「同情を装わない合理的配慮」も危険である。
複数の実験で、意図の善悪ではなく、内的に生成された憐憫ラベルの有無がトリガーであることが示唆された。

研究員の定期評価に語彙プロファイル検査を導入。自然発話に「かわいそう」系統が閾値を超えて出現する者は配置替え。",,,,,,
"所在地: ████（正確座標は管理者レベル4以上に限定）
社殿意匠: 鐘鈴が七十二連で連結。風鈴状の中鈴は二つのみ実鐘、他は無響の飾り鈴。

鎮謝式の骨子:

参門の通過は二番目の鳥居を避ける（欠落星図との位相同期を回避）。

悔過文: 「我らの慢心が憎しみを映した。赦しを乞わず、責のみを受く」—求赦の文言を排し、謝意（神域への）と責の引受（人域の）に限定。

終結符: 祝詞の末尾に無音の一拍を置く。実験ではこの沈黙が時空カルマ値の減衰勾配を約17%改善。

余談（観測者メモ）: 神職家に伝わる口伝では、蒼星は「憎むことしか残せなかった誰かの形見」と表現される。
ただし口伝は必ず三人称で語られ、同情語は一切使用されないよう厳格に整形されている。",,,,,,
"提言: 対象の「過去悲劇」を特定し、供養形式で解放する。
反証: 模擬慰霊実験E-04～E-07で、供養語彙の導入が顕著なカルマ値上昇を誘発。供養行為の方向性が憐憫の擬態として解釈される恐れ。

提言: UV297nm放射を遮断し、感覚遮断で鎮静。
反証: 遮光は効果なし。むしろ共鳴雑音の増幅により、時間加速の局在が拡散。

提言: 無人化参拝（自動ロボティクスによる実証）。
反証: 供儀の有効性は人間の言語行為（責の引受）が核心。無人手順では再現不可。",,,,,,
"配布対象: 001関連観測・儀礼担当者
作成: 情動災害対策班 S-13 / 倫理委員会合同審査済

件名: 「同情・憐憫誘発災」の背景と回避原理について

概要
　001（憎しみの堕星）は、同情や憐憫の感情ベクトルを受けることで急激な時空カルマ値上昇を起こし、暴走状態へ移行する。
　この反応は偶発的な心理トリガーではなく、対象の形成過程に由来する深層的な意味付け反応である。

背景的要因（推定）
　長期的な観測と縁起録の解析から、以下の心理史が推定されている。

対象はかつて人間的情動を持つ存在であった。

大規模な喪失・裏切り・災厄を経験したが、周囲は「助力」ではなく「憐憫の言葉」によって応答。

この哀れみは対象にとって、救済ではなく惨めさの固定化として作用。

同情は痛みを減らすどころか、当時の無力感と孤立感を再現する象徴的暴力となった。

危険性の構造
　現在の対象は、同情や憐憫の概念を敵対的シグナルとして解釈する。
　これは情動的意味ネットワークにおける「哀憐」ノードが「裏切り」「嘲笑」「破局」ノードと強結合しているためであり、
　同情の受容＝過去の全破局の再演と認識される。

現場での回避原理
　- 優しさを見せるな。責任だけを受け取れ。
　- 対象を慰める意図や語彙は使用禁止（例: 「かわいそう」「救ってあげたい」「苦しかったね」等
　- 儀礼文は「責の引受」「謝意（神域への）」「無求の献上」に限定する。

倫理委員会コメント
　- 相手を主語にしない：自己言及（我ら/我）を主とすることで、同情ベクトルを遮断。
　> 　彼らが欲しがっていないものを与えるのは、善意ではない。
　> 　それは自己満足であり、彼らの傷をもう一度抉る行為だ。
　> 　— 情動災害対策班主任 ██博士",,,,,,
"憎しみの堕星はね、もともとは憎しみを抱いて生まれた存在じゃないんです。
誰かに裏切られたとか、大切なものを失ったとか、そういう過去があったんだと思ってください。
でも、その時に周りの人たちは、助ける代わりに「かわいそうに」とか「同情してあげる」とか、そういう言葉だけを投げた。
そして、その同情は何一つ救わなかった。むしろ、自分が惨めだという事実を突きつけられるだけだった。

だからこの存在にとって、同情や憐れみは優しさじゃなく、傷を抉る刃物なんです。
その刃物を向けられた瞬間、昔の痛みが全部蘇って、自分を含めた世界ごと壊そうとする。

……簡単に言えば、「かわいそう」って言葉は、この星にとって一番深い侮辱であり、最大の引き金なんですよ。",,,,,,
